{
    "azkar": "on",
    "shopRooms": "on",
    "scam": "on",
    "tax": "on",
    "logs": "on",
    "ticket": "on",
    "blacklist": "on",
    "probot": "on",
    "autoline": "on",
    "feedback": "on",
    "suggestions": "on",
    "giveaway": "on",
    "apply": "",
    "nadeko": "on",
    "credit": "on",
    "protect": "on",
    "system": "on",
    "shop": "on",
    "orders": "on",
    "privateRooms": "on",
    "roles": "on",
    "quran": "off",
    "one4all": "on",
    "Broadcast2" : "on",
    "Bc" : "on",
    "tokens" : "on",
    "primeMaker" : "on",
    "premuimMaker" : "on",
    "ultimateMaker" : "on"
}